{"Mean":{"confidence_interval":{"confidence_level":0.95,"lower_bound":25588882.234860633,"upper_bound":25790522.166537065},"point_estimate":25682219.683595978,"standard_error":51527.4982975235},"Median":{"confidence_interval":{"confidence_level":0.95,"lower_bound":25485901.333333332,"upper_bound":25582705.80645161},"point_estimate":25516775.933641978,"standard_error":24633.259087883896},"MedianAbsDev":{"confidence_interval":{"confidence_level":0.95,"lower_bound":145932.25450192965,"upper_bound":256803.7482984855},"point_estimate":190881.86104570076,"standard_error":27040.89905840567},"Slope":{"confidence_interval":{"confidence_level":0.95,"lower_bound":25529410.021605123,"upper_bound":25657611.163707316},"point_estimate":25589779.65021132,"standard_error":32805.40583560905},"StdDev":{"confidence_interval":{"confidence_level":0.95,"lower_bound":310574.06775368203,"upper_bound":687830.8382060361},"point_estimate":519605.1031919674,"standard_error":96163.56142646234}}