{"Mean":{"confidence_interval":{"confidence_level":0.95,"lower_bound":11214331.851879423,"upper_bound":11375456.914724777},"point_estimate":11292461.318858946,"standard_error":41145.911087528926},"Median":{"confidence_interval":{"confidence_level":0.95,"lower_bound":11106076.477777777,"upper_bound":11224325.201973684},"point_estimate":11174416.369651087,"standard_error":32082.30267677378},"MedianAbsDev":{"confidence_interval":{"confidence_level":0.95,"lower_bound":189494.89390514678,"upper_bound":360982.7673184004},"point_estimate":284088.41182227724,"standard_error":45554.79723837379},"Slope":{"confidence_interval":{"confidence_level":0.95,"lower_bound":11052237.510400036,"upper_bound":11120737.103848808},"point_estimate":11086003.894219004,"standard_error":17488.190949393123},"StdDev":{"confidence_interval":{"confidence_level":0.95,"lower_bound":342223.2676676221,"upper_bound":474265.92392653285},"point_estimate":415000.61453076795,"standard_error":33704.828304264716}}