{"Mean":{"confidence_interval":{"confidence_level":0.95,"lower_bound":8588205.926752543,"upper_bound":8727046.189934323},"point_estimate":8652541.909186259,"standard_error":35321.66570923694},"Median":{"confidence_interval":{"confidence_level":0.95,"lower_bound":8614110.8,"upper_bound":8713299.9375},"point_estimate":8685879.796052631,"standard_error":26301.987054093403},"MedianAbsDev":{"confidence_interval":{"confidence_level":0.95,"lower_bound":131572.0125158571,"upper_bound":236175.65349721187},"point_estimate":171993.07621846057,"standard_error":27920.696490516373},"Slope":{"confidence_interval":{"confidence_level":0.95,"lower_bound":8578242.876129702,"upper_bound":8669317.316722788},"point_estimate":8623569.238149844,"standard_error":23220.87699210568},"StdDev":{"confidence_interval":{"confidence_level":0.95,"lower_bound":212278.44024161893,"upper_bound":500932.7623545744},"point_estimate":355368.0356287002,"standard_error":77384.71405635972}}